rheobase (uA),chronaxie (us)
61.274400000000014,125.00000000000001
